{
  "country:United States": [
    39.7837304,
    -100.445882
  ],
  "city:Atlanta": [
    33.7544657,
    -84.3898151
  ],
  "country:Canada": [
    61.0666922,
    -107.991707
  ],
  "city:Kitsap County": [
    47.594502,
    -122.6474421
  ],
  "country:الكويت": [
    29.2733964,
    47.4979476
  ],
  "city:Birmingham": [
    52.4796992,
    -1.9026911
  ],
  "city:Kansas City": [
    39.100105,
    -94.5781416
  ],
  "city:Newark": [
    40.735657,
    -74.1723667
  ],
  "city:San Francisco": [
    37.7879363,
    -122.4075201
  ],
  "city:SeaTac": [
    47.4449086,
    -122.283084
  ],
  "city:Seattle": [
    47.6038321,
    -122.330062
  ],
  "city:Tarrant County": [
    32.7513658,
    -97.335696
  ],
  "country:United Kingdom": [
    54.7023545,
    -3.2765753
  ],
  "city:Vancouver": [
    49.2608724,
    -123.113952
  ]
}